<?xml version='1.0' encoding='UTF-8'?>
<package uuid="res-c08a94" version="0.0.0">
 <names>
  <name lang="en_US">Untitled</name>
 </names>
 <supportedLanguages>
  <language>nl_NL</language>
 </supportedLanguages>
 <descriptionLanguages>
  <language>nl_NL</language>
 </descriptionLanguages>
 <contents>
  <behaviorContent path="behavior_1">
   <userRequestable/>
   <nature>interactive</nature>
   <permissions/>
  </behaviorContent>
  <dialogContent topicName="pepper.prom.inter10" typeVersion="1.0">
   <topic language="nl_NL" path="pepper.prom.inter10/pepper.prom.inter10_dun.top"/>
  </dialogContent>
  <dialogContent topicName="pepper.prom.inter9" typeVersion="1.0">
   <topic language="nl_NL" path="pepper.prom.inter9/pepper.prom.inter9_dun.top"/>
  </dialogContent>
  <dialogContent topicName="pepper.prom.inter6" typeVersion="1.0">
   <topic language="nl_NL" path="pepper.prom.inter6/pepper.prom.inter6_dun.top"/>
  </dialogContent>
  <dialogContent topicName="pepper.prom.inter11" typeVersion="1.0">
   <topic language="nl_NL" path="pepper.prom.inter11/pepper.prom.inter11_dun.top"/>
  </dialogContent>
 </contents>
</package>
